{"cameraMode":{"drawMode":0,"name":"Shaded","section":"Shading Mode"},"sceneLighting":false,"audioPlay":false,"sceneViewState":{"showFog":true,"showMaterialUpdate":false,"showSkybox":false,"showFlares":true,"showImageEffects":true,"showParticleSystems":true},"in2DMode":false,"pivot":{"x":0.852294921875,"y":1.572900414466858,"z":5.538281440734863},"rotation":{"x":-0.40857991576194765,"y":0.0013689401093870402,"z":-0.0006125767249614,"w":-0.9127213358879089},"size":6.024307727813721,"orthographic":true}