{"cameraMode":{"drawMode":0,"name":"Shaded","section":"Shading Mode"},"sceneLighting":true,"audioPlay":false,"sceneViewState":{"showFog":true,"showMaterialUpdate":false,"showSkybox":true,"showFlares":true,"showImageEffects":true,"showParticleSystems":true},"in2DMode":false,"pivot":{"x":14.680038452148438,"y":25.12822723388672,"z":-16.110605239868165},"rotation":{"x":0.1760646104812622,"y":0.011812221258878708,"z":-0.0021125166676938535,"w":0.9843055009841919},"size":41.47996520996094,"orthographic":true}