{"cameraMode":{"drawMode":0,"name":"Shaded","section":"Shading Mode"},"sceneLighting":true,"audioPlay":false,"sceneViewState":{"showFog":true,"showMaterialUpdate":false,"showSkybox":true,"showFlares":true,"showImageEffects":true,"showParticleSystems":true},"in2DMode":false,"pivot":{"x":16.9556884765625,"y":7.533203125,"z":9.873390197753907},"rotation":{"x":0.26367831230163576,"y":0.22318924963474275,"z":-0.06285213679075241,"w":0.9363279342651367},"size":18.71597671508789,"orthographic":true}