{"cameraMode":{"drawMode":0,"name":"Shaded","section":"Shading Mode"},"sceneLighting":false,"audioPlay":false,"sceneViewState":{"showFog":true,"showMaterialUpdate":false,"showSkybox":false,"showFlares":true,"showImageEffects":true,"showParticleSystems":true},"in2DMode":false,"pivot":{"x":1.2927685976028443,"y":0.48834365606307986,"z":0.8799999952316284},"rotation":{"x":-0.005382927134633064,"y":-0.4416986107826233,"z":-0.002650223206728697,"w":0.8971434831619263},"size":3.9616713523864748,"orthographic":true}