{"cameraMode":{"drawMode":0,"name":"Shaded","section":"Shading Mode"},"sceneLighting":true,"audioPlay":false,"sceneViewState":{"showFog":true,"showMaterialUpdate":false,"showSkybox":true,"showFlares":true,"showImageEffects":true,"showParticleSystems":true},"in2DMode":false,"pivot":{"x":1962.699951171875,"y":279.260009765625,"z":0.0},"rotation":{"x":0.06744123995304108,"y":0.014965279027819634,"z":-0.0010116352932527662,"w":0.9976105093955994},"size":727.9413452148438,"orthographic":false}