{"cameraMode":{"drawMode":0,"name":"Shaded","section":"Shading Mode"},"sceneLighting":false,"audioPlay":false,"sceneViewState":{"showFog":true,"showMaterialUpdate":false,"showSkybox":false,"showFlares":true,"showImageEffects":true,"showParticleSystems":true},"in2DMode":false,"pivot":{"x":0.6399999856948853,"y":0.3309999704360962,"z":0.8799999952316284},"rotation":{"x":-0.018000558018684388,"y":0.0012139527825638652,"z":0.000021683299564756453,"w":0.9998372793197632},"size":0.35001787543296816,"orthographic":false}