{"cameraMode":{"drawMode":0,"name":"Shaded","section":"Shading Mode"},"sceneLighting":true,"audioPlay":false,"sceneViewState":{"showFog":true,"showMaterialUpdate":false,"showSkybox":true,"showFlares":true,"showImageEffects":true,"showParticleSystems":true},"in2DMode":false,"pivot":{"x":2.2799997329711916,"y":-9995.669921875,"z":2.0900001525878908},"rotation":{"x":0.22899556159973145,"y":-0.2604902684688568,"z":0.06374641507863999,"w":0.9357576370239258},"size":3.4338581562042238,"orthographic":true}