{"cameraMode":{"drawMode":0,"name":"Shaded","section":"Shading Mode"},"sceneLighting":false,"audioPlay":false,"sceneViewState":{"showFog":true,"showMaterialUpdate":false,"showSkybox":false,"showFlares":true,"showImageEffects":true,"showParticleSystems":true},"in2DMode":false,"pivot":{"x":-1.489473581314087,"y":1.9357929229736329,"z":-1.0847370624542237},"rotation":{"x":-0.06295451521873474,"y":-0.44756367802619936,"z":-0.03160647302865982,"w":0.8914732336997986},"size":11.255496978759766,"orthographic":false}