{"cameraMode":{"drawMode":0,"name":"Shaded","section":"Shading Mode"},"sceneLighting":true,"audioPlay":false,"sceneViewState":{"showFog":true,"showMaterialUpdate":false,"showSkybox":true,"showFlares":true,"showImageEffects":true,"showParticleSystems":true},"in2DMode":false,"pivot":{"x":9.460235595703125,"y":9.753856658935547,"z":0.0},"rotation":{"x":0.13898655772209168,"y":0.14648659527301789,"z":-0.020792560651898385,"w":0.979179322719574},"size":18.848339080810548,"orthographic":true}