{"cameraMode":{"drawMode":0,"name":"Shaded","section":"Shading Mode"},"sceneLighting":true,"audioPlay":false,"sceneViewState":{"showFog":true,"showMaterialUpdate":false,"showSkybox":true,"showFlares":true,"showImageEffects":true,"showParticleSystems":true},"in2DMode":false,"pivot":{"x":5.179322242736816,"y":10.904399871826172,"z":-1.7719742059707642},"rotation":{"x":0.1760646104812622,"y":0.011812221258878708,"z":-0.0021125166676938535,"w":0.9843055009841919},"size":29.680288314819337,"orthographic":true}