{"cameraMode":{"drawMode":0,"name":"Shaded","section":"Shading Mode"},"sceneLighting":true,"audioPlay":false,"sceneViewState":{"showFog":true,"showMaterialUpdate":false,"showSkybox":true,"showFlares":true,"showImageEffects":true,"showParticleSystems":true},"in2DMode":false,"pivot":{"x":6.6551618576049809,"y":6.112856864929199,"z":1.2774021625518799},"rotation":{"x":0.393917977809906,"y":0.17022691667079926,"z":-0.07449318468570709,"w":0.9001678824424744},"size":14.276062965393067,"orthographic":true}