{"cameraMode":{"drawMode":0,"name":"Shaded","section":"Shading Mode"},"sceneLighting":true,"audioPlay":false,"sceneViewState":{"showFog":true,"showMaterialUpdate":false,"showSkybox":true,"showFlares":true,"showImageEffects":true,"showParticleSystems":true},"in2DMode":false,"pivot":{"x":18.139511108398439,"y":26.27275848388672,"z":-15.641855239868164},"rotation":{"x":0.3583400249481201,"y":-0.19260816276073457,"z":0.07581610232591629,"w":0.9103551506996155},"size":41.47996520996094,"orthographic":true}